INSERT INTO "Questions" ("QuestionID", "QuestionText", "QuestionType", "DisplayOrder", "IsActive") VALUES (1, 'Bạn có mục tiêu cụ thể nào khi cai thuốc lá không?', 'SingleChoice', 1, true);
INSERT INTO "Questions" ("QuestionID", "QuestionText", "QuestionType", "DisplayOrder", "IsActive") VALUES (2, 'Đâu là lý do khiến bạn muốn cai thuốc lá?', 'MultipleChoice', 2, true);
INSERT INTO "Questions" ("QuestionID", "QuestionText", "QuestionType", "DisplayOrder", "IsActive") VALUES (3, 'Bạn đã từng cố gắng cai thuốc lá trước đây chưa?', 'SingleChoice', 3, true);
INSERT INTO "Questions" ("QuestionID", "QuestionText", "QuestionType", "DisplayOrder", "IsActive") VALUES (4, 'Bạn dự đoán điều gì sẽ là khó khăn lớn nhất khi cai thuốc?', 'MultipleChoice', 4, true);
INSERT INTO "Questions" ("QuestionID", "QuestionText", "QuestionType", "DisplayOrder", "IsActive") VALUES (5, 'Bạn mong muốn nhận được hỗ trợ nào trong quá trình cai thuốc?', 'MultipleChoice', 5, true);
INSERT INTO "Questions" ("QuestionID", "QuestionText", "QuestionType", "DisplayOrder", "IsActive") VALUES (6, 'Bạn đã từng sử dụng sản phẩm hoặc phương pháp hỗ trợ cai thuốc nào chưa?', 'MultipleChoice', 6, true);
INSERT INTO "Achievement" ("AchievementID", "AchievementName", "Description", "Criteria", "BadgeImage", "PackageType", "SmokeFreeDaysRequired", "MoneySavedRequired", "CigarettesDroppedRequired", "CheckinDaysRequired") VALUES (1, '1 ngày không hút thuốc ', 'Một ngày tuyệt vời! Bạn đã xuất sắc vượt qua ngày đầu tiên không hút thuốc. Hãy tiếp tục phát huy nhé!', 'Smokefree for 1 day', 'https://github.com/THQuis/SWP391_Group5/blob/Mi/image/1day_kohut.png?raw=true', 'Streak', 1, 0.00, 0, 0);
INSERT INTO "Achievement" ("AchievementID", "AchievementName", "Description", "Criteria", "BadgeImage", "PackageType", "SmokeFreeDaysRequired", "MoneySavedRequired", "CigarettesDroppedRequired", "CheckinDaysRequired") VALUES (2, '7 ngày không hút thuốc', 'Bạn đã không hút thuốc một tuần liên tục! Một khởi đầu đầy mạnh mẽ cho hành trình mới.', 'Smokefree for 7 days', 'https://github.com/THQuis/SWP391_Group5/blob/Mi/image/7day_kohut.png?raw=true', 'Streak', 7, NULL, NULL, NULL);
INSERT INTO "Achievement" ("AchievementID", "AchievementName", "Description", "Criteria", "BadgeImage", "PackageType", "SmokeFreeDaysRequired", "MoneySavedRequired", "CigarettesDroppedRequired", "CheckinDaysRequired") VALUES (3, '30 ngày không hút thuốc', 'Bạn đã vượt qua mốc 1 tháng không thuốc lá. Sức khỏe của bạn đang được cải thiện từng ngày!', 'Smokefree for 30 days', 'https://github.com/THQuis/SWP391_Group5/blob/Mi/image/30day_kohut.png?raw=true', 'Streak', 30, NULL, NULL, NULL);
INSERT INTO "Achievement" ("AchievementID", "AchievementName", "Description", "Criteria", "BadgeImage", "PackageType", "SmokeFreeDaysRequired", "MoneySavedRequired", "CigarettesDroppedRequired", "CheckinDaysRequired") VALUES (4, '60 ngày không hút thuốc', 'Bạn đã kiên trì 60 ngày không hút thuốc! Thành tựu này thật đáng tự hào.', 'Smokefree for 60 days', 'https://github.com/THQuis/SWP391_Group5/blob/Mi/image/60day_kohut.png?raw=true', 'Streak', 60, NULL, NULL, NULL);
INSERT INTO "Achievement" ("AchievementID", "AchievementName", "Description", "Criteria", "BadgeImage", "PackageType", "SmokeFreeDaysRequired", "MoneySavedRequired", "CigarettesDroppedRequired", "CheckinDaysRequired") VALUES (5, '90 ngày không hút thuốc', 'Bạn đã không hút thuốc trong 90 ngày liên tiếp! Một bước tiến lớn tới cuộc sống khỏe mạnh hơn.', 'Smokefree for 90 days', 'https://github.com/THQuis/SWP391_Group5/blob/Mi/image/90day_kohut.png?raw=true', 'Streak', 90, NULL, NULL, NULL);
INSERT INTO "Achievement" ("AchievementID", "AchievementName", "Description", "Criteria", "BadgeImage", "PackageType", "SmokeFreeDaysRequired", "MoneySavedRequired", "CigarettesDroppedRequired", "CheckinDaysRequired") VALUES (6, '180 ngày không hút thuốc', 'Nửa năm không hút thuốc! Bạn đã làm điều tuyệt vời cho bản thân và những người thân yêu.', 'Smokefree for 180 days', 'https://github.com/THQuis/SWP391_Group5/blob/Mi/image/180day_kohut.png?raw=true', 'Streak', 180, NULL, NULL, NULL);
INSERT INTO "Achievement" ("AchievementID", "AchievementName", "Description", "Criteria", "BadgeImage", "PackageType", "SmokeFreeDaysRequired", "MoneySavedRequired", "CigarettesDroppedRequired", "CheckinDaysRequired") VALUES (7, '1 năm không hút thuốc', 'Chúc mừng! Một năm sạch khói thuốc, một cột mốc đáng nhớ trong hành trình thay đổi cuộc sống.', 'Smokefree for 1 year', 'https://github.com/THQuis/SWP391_Group5/blob/Mi/image/1year_kohut.png?raw=true', 'Streak', 365, NULL, NULL, NULL);
INSERT INTO "Achievement" ("AchievementID", "AchievementName", "Description", "Criteria", "BadgeImage", "PackageType", "SmokeFreeDaysRequired", "MoneySavedRequired", "CigarettesDroppedRequired", "CheckinDaysRequired") VALUES (8, 'Không hút 20 điếu', 'Bạn đã loại bỏ 20 điếu thuốc ra khỏi cuộc sống của mình...', 'Không hút 20 điếu thuốc', 'https://github.com/THQuis/SWP391_Group5/blob/Mi/image/20dieu.png?raw=true', 'Superstar', NULL, NULL, 20, NULL);
INSERT INTO "Achievement" ("AchievementID", "AchievementName", "Description", "Criteria", "BadgeImage", "PackageType", "SmokeFreeDaysRequired", "MoneySavedRequired", "CigarettesDroppedRequired", "CheckinDaysRequired") VALUES (9, 'Không hút 100 điếu', 'Chúc mừng! Bạn đã tránh xa 100 điếu thuốc...', 'Không hút 100 điếu thuốc', 'https://github.com/THQuis/SWP391_Group5/blob/Mi/image/100dieu.png?raw=true', 'Superstar', NULL, NULL, 100, NULL);
INSERT INTO "Achievement" ("AchievementID", "AchievementName", "Description", "Criteria", "BadgeImage", "PackageType", "SmokeFreeDaysRequired", "MoneySavedRequired", "CigarettesDroppedRequired", "CheckinDaysRequired") VALUES (10, 'Không hút 200 điếu', '200 điếu thuốc đã được bạn vượt qua...', 'Không hút 200 điếu thuốc', 'https://github.com/THQuis/SWP391_Group5/blob/Mi/image/200dieu.png?raw=true', 'Superstar', NULL, NULL, 200, NULL);
INSERT INTO "Achievement" ("AchievementID", "AchievementName", "Description", "Criteria", "BadgeImage", "PackageType", "SmokeFreeDaysRequired", "MoneySavedRequired", "CigarettesDroppedRequired", "CheckinDaysRequired") VALUES (11, 'Không hút 500 điếu', 'Bạn đã xuất sắc tránh xa 500 điếu thuốc...', 'Không hút 500 điếu thuốc', 'https://github.com/THQuis/SWP391_Group5/blob/Mi/image/500dieu.png?raw=true', 'Superstar', NULL, NULL, 500, NULL);
INSERT INTO "Achievement" ("AchievementID", "AchievementName", "Description", "Criteria", "BadgeImage", "PackageType", "SmokeFreeDaysRequired", "MoneySavedRequired", "CigarettesDroppedRequired", "CheckinDaysRequired") VALUES (12, 'Không hút 1000 điếu', 'Không hút 1000 điếu thuốc là một thành tựu vượt bậc...', 'Không hút 1000 điếu thuốc', 'https://github.com/THQuis/SWP391_Group5/blob/Mi/image/1000dieu.png?raw=true', 'Superstar', NULL, NULL, 1000, NULL);
INSERT INTO "Achievement" ("AchievementID", "AchievementName", "Description", "Criteria", "BadgeImage", "PackageType", "SmokeFreeDaysRequired", "MoneySavedRequired", "CigarettesDroppedRequired", "CheckinDaysRequired") VALUES (13, '7 ngày tham gia', 'Bạn đã đồng hành cùng nền tảng 7 ngày...', 'Tham gia ứng dụng đủ 7 ngày', 'https://github.com/THQuis/SWP391_Group5/blob/Mi/image/join7.png?raw=true', 'JoinDays', 7, NULL, NULL, NULL);
INSERT INTO "Achievement" ("AchievementID", "AchievementName", "Description", "Criteria", "BadgeImage", "PackageType", "SmokeFreeDaysRequired", "MoneySavedRequired", "CigarettesDroppedRequired", "CheckinDaysRequired") VALUES (14, '30 ngày tham gia', '30 ngày kiên trì – bạn đã tạo dựng bước đệm vững chắc...', 'Tham gia ứng dụng đủ 30 ngày', 'https://github.com/THQuis/SWP391_Group5/blob/Mi/image/join30.png?raw=true', 'JoinDays', 30, NULL, NULL, NULL);
INSERT INTO "Achievement" ("AchievementID", "AchievementName", "Description", "Criteria", "BadgeImage", "PackageType", "SmokeFreeDaysRequired", "MoneySavedRequired", "CigarettesDroppedRequired", "CheckinDaysRequired") VALUES (15, '60 ngày tham gia', 'Bạn đã có 60 ngày gắn bó với hành trình mới...', 'Tham gia ứng dụng đủ 60 ngày', 'https://github.com/THQuis/SWP391_Group5/blob/Mi/image/join60.png?raw=true', 'JoinDays', 60, NULL, NULL, NULL);
INSERT INTO "Achievement" ("AchievementID", "AchievementName", "Description", "Criteria", "BadgeImage", "PackageType", "SmokeFreeDaysRequired", "MoneySavedRequired", "CigarettesDroppedRequired", "CheckinDaysRequired") VALUES (16, '90 ngày tham gia', '90 ngày nỗ lực đều đặn...', 'Tham gia ứng dụng đủ 90 ngày', 'https://github.com/THQuis/SWP391_Group5/blob/Mi/image/join90.png?raw=true', 'JoinDays', 90, NULL, NULL, NULL);
INSERT INTO "Achievement" ("AchievementID", "AchievementName", "Description", "Criteria", "BadgeImage", "PackageType", "SmokeFreeDaysRequired", "MoneySavedRequired", "CigarettesDroppedRequired", "CheckinDaysRequired") VALUES (17, '180 ngày tham gia', 'Nửa năm kiên trì đồng hành...', 'Tham gia ứng dụng đủ 180 ngày', 'https://github.com/THQuis/SWP391_Group5/blob/Mi/image/join180.png?raw=true', 'JoinDays', 180, NULL, NULL, NULL);
INSERT INTO "Achievement" ("AchievementID", "AchievementName", "Description", "Criteria", "BadgeImage", "PackageType", "SmokeFreeDaysRequired", "MoneySavedRequired", "CigarettesDroppedRequired", "CheckinDaysRequired") VALUES (18, '1 năm tham gia', 'Bạn đã đồng hành cùng ứng dụng tròn 1 năm!', 'Tham gia ứng dụng đủ 1 năm', 'https://github.com/THQuis/SWP391_Group5/blob/Mi/image/join1year.png?raw=true', 'JoinDays', 365, NULL, NULL, NULL);
INSERT INTO "Achievement" ("AchievementID", "AchievementName", "Description", "Criteria", "BadgeImage", "PackageType", "SmokeFreeDaysRequired", "MoneySavedRequired", "CigarettesDroppedRequired", "CheckinDaysRequired") VALUES (19, 'Check-in lần đầu', 'Bước khởi đầu cho hành trình mới!...', 'Hoàn thành 1 khảo sát check-in', 'https://github.com/THQuis/SWP391_Group5/blob/Mi/image/1_checkin%20-%20Copy.png?raw=true', 'CheckIn', NULL, NULL, NULL, 1);
INSERT INTO "Achievement" ("AchievementID", "AchievementName", "Description", "Criteria", "BadgeImage", "PackageType", "SmokeFreeDaysRequired", "MoneySavedRequired", "CigarettesDroppedRequired", "CheckinDaysRequired") VALUES (20, 'Check-in 3 lần', 'Bạn đã thực hiện 3 lần check-in...', 'Hoàn thành 3 khảo sát check-in', 'https://github.com/THQuis/SWP391_Group5/blob/Mi/image/3_checkin%20-%20Copy.png?raw=true', 'CheckIn', NULL, NULL, NULL, 3);
INSERT INTO "Achievement" ("AchievementID", "AchievementName", "Description", "Criteria", "BadgeImage", "PackageType", "SmokeFreeDaysRequired", "MoneySavedRequired", "CigarettesDroppedRequired", "CheckinDaysRequired") VALUES (21, 'Check-in 6 lần', '6 lần check-in thành công!', 'Hoàn thành 6 khảo sát check-in', 'https://github.com/THQuis/SWP391_Group5/blob/Mi/image/6_checkin%20-%20Copy.png?raw=true', 'CheckIn', NULL, NULL, NULL, 6);
INSERT INTO "Achievement" ("AchievementID", "AchievementName", "Description", "Criteria", "BadgeImage", "PackageType", "SmokeFreeDaysRequired", "MoneySavedRequired", "CigarettesDroppedRequired", "CheckinDaysRequired") VALUES (22, 'Check-in 12 lần', 'Chúc mừng bạn đã hoàn thành 12 lần check-in...', 'Hoàn thành 12 khảo sát check-in', 'https://github.com/THQuis/SWP391_Group5/blob/Mi/image/12_checkin%20-%20Copy.png?raw=true', 'CheckIn', NULL, NULL, NULL, 12);
INSERT INTO "Achievement" ("AchievementID", "AchievementName", "Description", "Criteria", "BadgeImage", "PackageType", "SmokeFreeDaysRequired", "MoneySavedRequired", "CigarettesDroppedRequired", "CheckinDaysRequired") VALUES (23, 'Check-in 20 lần', '20 lần check-in liên tiếp là minh chứng cho sự quyết tâm...', 'Hoàn thành 20 khảo sát check-in', 'https://github.com/THQuis/SWP391_Group5/blob/Mi/image/20_checkin.png?raw=true', 'CheckIn', NULL, NULL, NULL, 20);
INSERT INTO "Achievement" ("AchievementID", "AchievementName", "Description", "Criteria", "BadgeImage", "PackageType", "SmokeFreeDaysRequired", "MoneySavedRequired", "CigarettesDroppedRequired", "CheckinDaysRequired") VALUES (24, 'Check-in 30 lần', 'Bạn đã chạm mốc 30 lần check-in!', 'Hoàn thành 30 khảo sát check-in', 'https://github.com/THQuis/SWP391_Group5/blob/Mi/image/30_checkin.png?raw=true', 'CheckIn', NULL, NULL, NULL, 30);
INSERT INTO "Achievement" ("AchievementID", "AchievementName", "Description", "Criteria", "BadgeImage", "PackageType", "SmokeFreeDaysRequired", "MoneySavedRequired", "CigarettesDroppedRequired", "CheckinDaysRequired") VALUES (25, 'Check-in 50 lần', '50 lần check-in là kết quả của sự bền bỉ...', 'Hoàn thành 50 khảo sát check-in', 'https://github.com/THQuis/SWP391_Group5/blob/Mi/image/50_checkin.png?raw=true', 'CheckIn', NULL, NULL, NULL, 50);
INSERT INTO "Achievement" ("AchievementID", "AchievementName", "Description", "Criteria", "BadgeImage", "PackageType", "SmokeFreeDaysRequired", "MoneySavedRequired", "CigarettesDroppedRequired", "CheckinDaysRequired") VALUES (26, 'Check-in 100 lần', '100 lần check-in – một con số ấn tượng...', 'Hoàn thành 100 khảo sát check-in', 'https://github.com/THQuis/SWP391_Group5/blob/Mi/image/100_checin.png?raw=true', 'CheckIn', NULL, NULL, NULL, 100);
INSERT INTO "Achievement" ("AchievementID", "AchievementName", "Description", "Criteria", "BadgeImage", "PackageType", "SmokeFreeDaysRequired", "MoneySavedRequired", "CigarettesDroppedRequired", "CheckinDaysRequired") VALUES (27, 'Check-in 150 lần', '150 lần check-in liên tiếp là minh chứng cho sự kiên định...', 'Hoàn thành 150 khảo sát check-in', 'https://github.com/THQuis/SWP391_Group5/blob/Mi/image/150_checkin.png?raw=true', 'CheckIn', NULL, NULL, NULL, 150);
INSERT INTO "Achievement" ("AchievementID", "AchievementName", "Description", "Criteria", "BadgeImage", "PackageType", "SmokeFreeDaysRequired", "MoneySavedRequired", "CigarettesDroppedRequired", "CheckinDaysRequired") VALUES (28, 'Check-in 200 lần', 'Bạn đã hoàn thành 200 lần check-in!', 'Hoàn thành 200 khảo sát check-in', 'https://github.com/THQuis/SWP391_Group5/blob/Mi/image/200_checkin.png?raw=true', 'CheckIn', NULL, NULL, NULL, 200);
INSERT INTO "Achievement" ("AchievementID", "AchievementName", "Description", "Criteria", "BadgeImage", "PackageType", "SmokeFreeDaysRequired", "MoneySavedRequired", "CigarettesDroppedRequired", "CheckinDaysRequired") VALUES (29, 'Check-in 365 lần', '365 lần check-in – một năm nỗ lực không ngừng nghỉ...', 'Hoàn thành 365 khảo sát check-in', 'https://github.com/THQuis/SWP391_Group5/blob/Mi/image/365_checkin.png?raw=true', 'CheckIn', NULL, NULL, NULL, 365);
INSERT INTO "AnswerOptions" ("AnswerOptionID", "QuestionID", "AnswerText", "DisplayOrder") VALUES (1, 1, 'Ngừng hút hoàn toàn', 1);
INSERT INTO "AnswerOptions" ("AnswerOptionID", "QuestionID", "AnswerText", "DisplayOrder") VALUES (2, 1, 'Giảm số lượng hút mỗi ngày', 2);
INSERT INTO "AnswerOptions" ("AnswerOptionID", "QuestionID", "AnswerText", "DisplayOrder") VALUES (3, 1, 'Tạm ngưng trong một thời gian', 3);
INSERT INTO "AnswerOptions" ("AnswerOptionID", "QuestionID", "AnswerText", "DisplayOrder") VALUES (4, 1, 'Khác (vui lòng ghi rõ)', 4);
INSERT INTO "AnswerOptions" ("AnswerOptionID", "QuestionID", "AnswerText", "DisplayOrder") VALUES (5, 2, 'Sức khỏe bản thân', 1);
INSERT INTO "AnswerOptions" ("AnswerOptionID", "QuestionID", "AnswerText", "DisplayOrder") VALUES (6, 2, 'Gia đình và người thân', 2);
INSERT INTO "AnswerOptions" ("AnswerOptionID", "QuestionID", "AnswerText", "DisplayOrder") VALUES (7, 2, 'Tiết kiệm chi phí', 3);
INSERT INTO "AnswerOptions" ("AnswerOptionID", "QuestionID", "AnswerText", "DisplayOrder") VALUES (8, 2, 'Mang thai/chuẩn bị có con', 4);
INSERT INTO "AnswerOptions" ("AnswerOptionID", "QuestionID", "AnswerText", "DisplayOrder") VALUES (9, 2, 'Áp lực từ xã hội hoặc môi trường làm việc', 5);
INSERT INTO "AnswerOptions" ("AnswerOptionID", "QuestionID", "AnswerText", "DisplayOrder") VALUES (10, 2, 'Khác (vui lòng ghi rõ)', 6);
INSERT INTO "AnswerOptions" ("AnswerOptionID", "QuestionID", "AnswerText", "DisplayOrder") VALUES (11, 3, 'Chưa bao giờ', 1);
INSERT INTO "AnswerOptions" ("AnswerOptionID", "QuestionID", "AnswerText", "DisplayOrder") VALUES (12, 3, 'Đã từng, nhưng không thành công', 2);
INSERT INTO "AnswerOptions" ("AnswerOptionID", "QuestionID", "AnswerText", "DisplayOrder") VALUES (13, 3, 'Đã từng và thành công trong thời gian ngắn', 3);
INSERT INTO "AnswerOptions" ("AnswerOptionID", "QuestionID", "AnswerText", "DisplayOrder") VALUES (14, 3, 'Đã cai thành công hoàn toàn', 4);
INSERT INTO "AnswerOptions" ("AnswerOptionID", "QuestionID", "AnswerText", "DisplayOrder") VALUES (15, 4, 'Cảm giác thèm thuốc', 1);
INSERT INTO "AnswerOptions" ("AnswerOptionID", "QuestionID", "AnswerText", "DisplayOrder") VALUES (16, 4, 'Áp lực xã hội/bạn bè', 2);
INSERT INTO "AnswerOptions" ("AnswerOptionID", "QuestionID", "AnswerText", "DisplayOrder") VALUES (17, 4, 'Stress/căng thẳng', 3);
INSERT INTO "AnswerOptions" ("AnswerOptionID", "QuestionID", "AnswerText", "DisplayOrder") VALUES (18, 4, 'Tăng cân', 4);
INSERT INTO "AnswerOptions" ("AnswerOptionID", "QuestionID", "AnswerText", "DisplayOrder") VALUES (19, 4, 'Thiếu hỗ trợ từ người thân', 5);
INSERT INTO "AnswerOptions" ("AnswerOptionID", "QuestionID", "AnswerText", "DisplayOrder") VALUES (20, 4, 'Khác (vui lòng ghi rõ)', 6);
INSERT INTO "AnswerOptions" ("AnswerOptionID", "QuestionID", "AnswerText", "DisplayOrder") VALUES (21, 5, 'Tư vấn tâm lý', 1);
INSERT INTO "AnswerOptions" ("AnswerOptionID", "QuestionID", "AnswerText", "DisplayOrder") VALUES (22, 5, 'Chia sẻ từ cộng đồng', 2);
INSERT INTO "AnswerOptions" ("AnswerOptionID", "QuestionID", "AnswerText", "DisplayOrder") VALUES (23, 5, 'Nhắc nhở, động viên thường xuyên', 3);
INSERT INTO "AnswerOptions" ("AnswerOptionID", "QuestionID", "AnswerText", "DisplayOrder") VALUES (24, 5, 'Thông tin về sức khỏe', 4);
INSERT INTO "AnswerOptions" ("AnswerOptionID", "QuestionID", "AnswerText", "DisplayOrder") VALUES (25, 5, 'Khác (vui lòng ghi rõ)', 5);
INSERT INTO "AnswerOptions" ("AnswerOptionID", "QuestionID", "AnswerText", "DisplayOrder") VALUES (26, 6, 'Kẹo/gum nicotine', 1);
INSERT INTO "AnswerOptions" ("AnswerOptionID", "QuestionID", "AnswerText", "DisplayOrder") VALUES (27, 6, 'Miếng dán nicotine', 2);
INSERT INTO "AnswerOptions" ("AnswerOptionID", "QuestionID", "AnswerText", "DisplayOrder") VALUES (28, 6, 'Thuốc uống', 3);
INSERT INTO "AnswerOptions" ("AnswerOptionID", "QuestionID", "AnswerText", "DisplayOrder") VALUES (29, 6, 'Liệu pháp thay thế', 4);
INSERT INTO "AnswerOptions" ("AnswerOptionID", "QuestionID", "AnswerText", "DisplayOrder") VALUES (30, 6, 'Chưa từng sử dụng', 5);
INSERT INTO "AnswerOptions" ("AnswerOptionID", "QuestionID", "AnswerText", "DisplayOrder") VALUES (31, 6, 'Khác (vui lòng ghi rõ)', 6);
